Name,Price,Image
farmadiet Oleoderm Capsulas Dermatologicas para Perro y Gato - 60 Comprimidos,18.11,https://www.petsonic.com/26369-large_default/virbac-oleoderm-pipetas-dermatologicas-para-perros.jpg
farmadiet Oleoderm Capsulas Dermatologicas para Perro y Gato - 360 Comprimidos,94.44,https://www.petsonic.com/26369-large_default/virbac-oleoderm-pipetas-dermatologicas-para-perros.jpg
Bayer Calcio con Vitamina D3 para Perros y Gatos - 60 Comprimidos,10.08,https://www.petsonic.com/26173-large_default/bayer-calcio-vitamina-d3-gatos-para-perros-gatos.jpg
Menforsan Suplemento nutricional relajacion perros y gatos - 120 ml,12.38,https://www.petsonic.com/28228-large_default/menforsan-suplemento-nutricional-relajacion-perros-y-gatos.jpg
Bioiberica CALMUROFEL - 30,11.95,https://www.petsonic.com/16826-large_default/bioiberica-calmurofel-para-gatos.jpg
Bioiberica CALMUROFEL - 120,37.95,https://www.petsonic.com/16826-large_default/bioiberica-calmurofel-para-gatos.jpg
Menforsan Suplemento nutricional intestinal perros y gatos - 120 ml,12.38,https://www.petsonic.com/28227-large_default/menforsan-suplemento-nutricional-intestinal-perros-y-gatos.jpg
Stangest Artivet Complex para Perro y/o Gato - 60 Comprimidos,26.06,https://www.petsonic.com/28769-large_default/stanvet-artivet-complex-para-perro-yo-gato.jpg
Stangest Artivet Complex para Perro y/o Gato - 300 Comprimidos,86.89,https://www.petsonic.com/28769-large_default/stanvet-artivet-complex-para-perro-yo-gato.jpg
Taber Malta - 100 Gr.,7.48,https://www.petsonic.com/8366-large_default/taber-gat-malta-para-gatos.jpg
